Fault,Index,Long,Lat,Transv. Ob.,Normal Ob.,Transv. Unc.,Normal Unc.,Correlation,Transv. Pred.,Normal Pred.,Transv. Unc.,Normal Unc.,Correlation
Puysegur,1,164.748324,-47.420925,9.235,-23.842,102.272,102.272,0.000,18.044,-22.149,12.270,4.827,0.594
Alpine: Resolution - Five Fingers,2,165.83246,-45.830853,31.400,0.000,2.800,4.040,0.000,30.924,-3.797,2.896,2.713,-0.448
Puysegur Ridge,3,164.819842,-48.640131,14.000,0.000,14.000,1.400,0.000,6.885,-0.129,12.608,1.425,0.037
Snares,4,165.226945,-47.49443,10.336,-1.287,10.347,4.003,-0.278,10.758,-0.953,8.201,3.415,-0.008
West Balleny,5,165.723413,-46.674952,1.880,-0.177,1.880,0.528,-0.312,2.007,-0.175,2.020,0.462,-0.301
Alpine: Resolution - Five Fingers,6,166.204581,-45.595759,31.400,0.000,2.800,4.040,0.000,30.959,-2.264,2.782,4.364,-0.219
Alpine: Resolution - Dagg,7,166.727713,-45.223858,31.400,0.000,2.800,4.040,0.000,31.153,-3.227,2.151,1.988,-0.535
Alpine: Caswell,8,167.082757,-44.973158,31.400,0.000,2.800,4.040,0.000,30.754,-3.535,2.361,3.387,-0.546
Alpine: Caswell - South George,9,167.330554,-44.797651,27.200,0.000,2.400,3.500,0.000,26.833,-1.742,2.385,3.204,-0.012
Alpine: George to Jacksons,10,168.144271,-44.35294,27.200,0.000,4.900,3.500,0.000,26.588,-1.070,6.045,3.494,-0.121
Alpine: Jacksons to Kaniere,11,170.148807,-43.402998,25.372,-5.936,6.905,7.425,0.036,31.294,-4.594,6.895,1.535,-0.707
South Wedge 5,12,166.101187,-45.310274,1.026,-2.555,1.345,1.574,-0.151,0.960,-2.873,1.302,1.640,-0.510
Central Wedge 4 - South Wedge 411,13,166.485195,-44.997274,0.000,-2.719,1.364,1.560,0.000,0.021,-2.620,1.261,1.577,-0.051
Central Wedge 1 & 2 & 3,14,166.741739,-44.73417,0.000,-0.363,0.182,0.208,0.000,-0.002,-0.370,0.150,0.251,0.246
Caswell High 10,15,166.855681,-44.63135,0.000,-0.400,0.614,0.310,0.000,-0.025,-0.398,0.528,0.304,-0.030
South Wedge 2,16,166.559926,-45.115569,1.026,-2.555,1.429,1.982,-0.319,1.153,-2.932,1.441,2.082,-0.475
Hauroko: South,17,166.912741,-46.257847,0.103,-0.097,0.236,0.246,0.656,0.119,-0.089,0.255,0.243,0.761
Milford Basin 5 to George R2,18,167.234956,-44.436511,0.000,-0.200,0.308,0.130,0.000,-0.013,-0.203,0.351,0.149,0.018
Madagascar,19,167.586375,-44.351168,0.256,-0.610,0.341,0.355,-0.041,0.251,-0.595,0.321,0.335,-0.022
Barn,20,168.352163,-43.934862,0.171,-0.407,0.287,0.418,-0.393,0.151,-0.360,0.236,0.395,-0.374
Hauroko: North,21,167.452193,-45.84667,0.410,-0.386,0.902,0.947,0.787,0.483,-0.307,0.595,0.475,0.542
Hump Ridge,22,167.407404,-46.434781,0.469,-0.058,0.470,0.158,-0.333,-0.256,0.064,0.262,0.163,-0.145
Te Anau,23,167.82952,-45.097194,0.171,-0.161,0.387,0.404,0.701,0.182,-0.165,0.487,0.468,0.743
Tin Hut,24,167.972466,-45.776056,0.171,-0.235,0.310,0.284,0.280,0.111,-0.178,0.308,0.273,0.224
Tin Hut,25,167.982434,-45.689326,0.171,-0.235,0.310,0.284,0.280,0.125,-0.221,0.385,0.291,0.370
Mossburn,26,168.162404,-45.715408,0.171,-0.235,0.310,0.284,0.280,0.226,-0.262,0.277,0.249,0.133
Acton,27,168.322335,-45.512115,0.068,-0.094,0.129,0.123,0.150,0.070,-0.059,0.103,0.121,0.068
White Hill,28,168.274809,-45.845218,0.068,-0.094,0.129,0.123,0.150,0.046,-0.093,0.111,0.114,0.035
Acton,29,168.306058,-45.675315,0.068,-0.094,0.129,0.123,0.150,0.053,-0.059,0.127,0.131,-0.176
NW Cardrona North,30,169.070858,-44.799238,0.130,-0.179,0.240,0.196,0.640,0.072,-0.220,0.219,0.192,0.535
NW Cardrona South,31,168.932628,-44.98592,0.130,-0.179,0.240,0.196,0.640,-0.027,-0.293,0.215,0.190,0.547
Nevis,32,168.85806,-45.347493,0.137,-0.266,0.217,0.191,0.184,0.187,-0.164,0.213,0.179,0.027
NW Cardrona North,33,169.114511,-44.711904,0.130,-0.179,0.240,0.196,0.640,0.087,-0.181,0.191,0.161,0.585
Cardrona - Hawea,34,169.209828,-44.645322,0.017,-0.023,0.035,0.032,0.252,0.016,-0.024,0.030,0.033,0.366
Hunter Valley,35,169.426932,-44.318868,0.109,-0.150,0.217,0.197,0.300,0.084,-0.068,0.173,0.197,0.017
Spylaw,36,169.215799,-45.795684,0.000,-0.184,0.146,0.080,0.000,0.060,-0.170,0.157,0.079,-0.274
Dunstan,37,169.576,-45.008128,0.000,-0.354,0.282,0.354,0.000,-0.048,-0.379,0.173,0.325,-0.021
Timaru Creek,38,169.518334,-44.513567,0.109,-0.150,0.221,0.206,0.231,0.085,-0.188,0.230,0.200,0.205
Blue Mountain,39,169.377315,-45.857864,0.000,-0.156,0.124,0.146,0.000,-0.031,-0.152,0.141,0.125,0.213
Hopkins,40,169.811705,-43.986435,0.154,-0.212,0.298,0.262,0.401,0.162,-0.187,0.240,0.249,0.277
Dromedary,41,169.68397,-44.423383,0.171,-0.235,0.346,0.321,0.230,0.204,-0.115,0.381,0.357,0.308
Raggedy - Blackstone,42,169.782588,-45.046536,0.048,-0.093,0.085,0.098,-0.196,0.046,-0.088,0.090,0.105,-0.304
Long Valley,43,169.70243,-45.381024,0.068,-0.094,0.138,0.128,0.228,0.058,-0.088,0.157,0.124,-0.066
Rocks Creek,44,169.909424,-44.756331,0.068,-0.094,0.136,0.124,0.275,0.050,-0.105,0.159,0.132,0.355
Omarama Saddle,45,169.826842,-44.706976,0.068,-0.094,0.136,0.124,0.275,0.052,-0.075,0.147,0.100,0.119
Omarama Saddle,46,169.845389,-44.843016,0.068,-0.094,0.136,0.124,0.275,0.072,-0.090,0.143,0.107,0.203
Ostler North,47,170.084764,-44.049797,0.000,-1.414,1.126,0.792,0.000,-0.433,-1.286,0.816,0.664,0.065
Ostler South,48,169.952536,-44.394333,0.000,-1.414,1.126,0.792,0.000,-0.561,-0.733,0.501,0.384,0.246
Hawkdun,49,169.874801,-44.564931,0.024,-0.023,0.045,0.047,0.484,0.025,-0.021,0.035,0.050,0.438
Hawkdun,50,169.892706,-44.61157,0.024,-0.023,0.045,0.047,0.484,0.025,-0.020,0.055,0.052,0.443
Gimmerburn,51,169.962263,-45.129287,0.137,-0.266,0.233,0.250,-0.101,0.127,-0.213,0.203,0.174,-0.417
Hyde South - The Twins,52,169.860981,-45.696029,0.044,-0.086,0.071,0.060,0.224,0.048,-0.075,0.074,0.060,0.345
Hyde North,53,170.093765,-45.482278,0.086,-0.166,0.136,0.117,0.206,0.064,-0.125,0.089,0.070,-0.102
Hawkdun,54,169.952323,-44.769528,0.024,-0.023,0.045,0.047,0.484,0.021,-0.025,0.048,0.047,0.418
Fern Gully,55,170.110565,-44.586446,-0.517,-0.049,0.204,0.139,0.075,-0.493,-0.016,0.195,0.091,0.232
Hawkdun,56,170.025204,-44.904702,0.024,-0.023,0.045,0.047,0.484,0.023,-0.025,0.046,0.046,0.513
Akatore,57,170.160951,-46.107992,0.411,-0.798,0.731,0.856,-0.223,-0.013,-0.050,0.282,0.213,0.002
Green Island,58,170.363444,-45.97563,0.411,-0.798,0.731,0.856,-0.223,0.183,-0.028,0.509,0.122,-0.424
Waihemo,59,170.435571,-45.201766,-0.041,-0.038,0.076,0.079,-0.546,-0.039,-0.033,0.086,0.068,-0.518
Irishman Creek,60,170.346047,-43.988207,0.270,-0.525,0.429,0.371,0.203,0.290,-0.503,0.456,0.393,-0.237
Waitangi,61,170.343515,-44.640932,0.058,-0.054,0.108,0.111,0.542,0.083,-0.026,0.105,0.121,0.507
Awahokomo,62,170.393052,-44.726933,0.198,-0.272,0.399,0.367,0.257,0.212,-0.229,0.326,0.305,0.348
Kirkliston,63,170.607716,-44.503615,0.051,-0.090,0.090,0.097,-0.129,0.057,-0.077,0.102,0.089,-0.067
Dalgety,64,170.639629,-44.208194,0.089,-0.122,0.168,0.160,0.145,0.089,-0.109,0.137,0.173,0.221
Fox Peak,65,170.745154,-43.960536,0.308,-0.598,0.500,0.583,-0.217,0.232,-0.565,0.443,0.542,-0.251
Opawa,66,170.707523,-44.130014,0.022,-0.031,0.042,0.040,0.139,0.023,-0.030,0.043,0.038,0.042
Hunters,67,170.930724,-44.497079,0.045,-0.061,0.084,0.080,0.139,0.045,-0.053,0.070,0.071,0.307
Ben McLeod,68,170.942178,-43.686921,0.000,-0.636,0.508,0.636,0.000,-0.001,-0.610,0.416,0.650,-0.225
Lake Heron,69,171.115156,-43.425201,-0.479,-0.556,1.000,0.938,-0.423,-0.645,-0.382,0.927,0.942,-0.409
Fox Peak,70,170.8625,-43.692083,0.308,-0.598,0.500,0.583,-0.217,0.275,-0.542,0.568,0.516,-0.225
Double Hill,71,171.347975,-43.316081,0.658,-0.082,0.358,0.182,-0.184,0.649,-0.064,0.309,0.200,0.170
Maimai: South,72,171.408529,-42.385745,0.000,-0.175,0.268,0.088,0.000,0.005,-0.177,0.268,0.092,-0.115
Kelly,73,171.555169,-42.817725,13.000,0.000,3.300,2.298,0.000,14.520,1.070,3.842,2.130,-0.114
Alpine: Kaniere to Springs Junction,74,171.262124,-42.831096,10.607,-5.304,4.566,5.715,0.302,11.981,-3.146,6.054,4.759,0.234
Hutt Peel,75,171.492174,-43.591627,0.000,-0.636,0.508,0.636,0.000,0.036,-0.694,0.439,0.628,-0.017
Paparoa West,76,171.525618,-42.005521,0.000,-0.750,1.152,0.426,0.000,0.357,-0.643,0.464,0.452,0.232
Paparoa West: North,77,171.802454,-41.674518,0.000,-0.150,0.230,0.098,0.000,-0.015,-0.149,0.258,0.097,0.032
Kongahau,78,172.087166,-40.974946,0.000,-0.150,0.230,0.098,0.000,0.018,-0.149,0.218,0.086,0.047
Alpine: Kaniere to Springs Junction,79,171.799075,-42.560661,10.607,-5.304,4.566,5.715,0.302,12.667,-0.545,2.757,3.084,0.166
Hope: Taramakau,80,171.581682,-42.751793,4.041,0.503,1.583,1.051,0.107,4.051,0.885,1.326,1.176,-0.123
Maimai: North,81,171.804919,-42.010848,0.000,-0.500,0.768,0.264,0.000,0.027,-0.520,0.777,0.247,0.092
Maimai,82,171.608942,-42.180689,0.000,-1.061,0.846,0.484,0.000,0.091,-0.679,0.529,0.345,0.197
Porters Pass,83,171.803248,-43.284744,3.288,-0.310,0.866,0.876,0.002,3.196,-0.304,0.781,0.650,0.101
Lees Valley,84,172.113086,-43.172499,0.191,-0.263,0.353,0.328,0.234,0.231,-0.207,0.383,0.356,0.062
Rakaia,85,171.91057,-43.754129,0.235,0.036,0.119,0.066,0.198,0.145,0.025,0.082,0.046,0.335
Hororata,86,171.9925,-43.4825,0.154,-0.271,0.285,0.304,-0.105,0.135,-0.243,0.227,0.271,-0.207
Hope: Hurunui,87,171.866341,-42.73226,16.257,-2.024,6.063,4.221,-0.094,21.104,-0.834,2.993,2.872,-0.076
Clarence: Southwest,88,172.36318,-42.538439,4.200,0.000,0.250,0.742,0.000,4.204,0.017,0.245,0.763,0.199
Clarence: Central,89,172.983369,-42.305596,3.000,0.000,1.000,0.530,0.000,3.007,0.015,0.900,0.561,0.231
Kakapo,90,172.329074,-42.668097,6.014,-0.380,2.598,1.266,-0.099,6.489,-0.317,2.820,1.334,-0.050
Hope: Hope River,91,172.324695,-42.613631,10.243,-1.275,3.506,2.652,-0.072,10.950,-1.133,2.814,2.087,-0.251
Awatere: Southwest,92,172.841343,-42.14605,5.450,-0.513,1.127,1.449,0.048,5.600,0.289,0.907,1.103,0.146
Alpine: Springs Junction to Tophouse,93,172.373152,-42.164918,5.168,-0.795,2.900,1.465,-0.232,4.284,-0.734,3.437,1.481,-0.423
Hope: Kakapo-2-Hamner,94,172.603267,-42.585501,16.257,-2.024,6.063,4.221,-0.094,17.163,-2.776,5.341,4.767,-0.061
AmberBlyth,95,173.127374,-42.976621,0.000,-1.308,1.042,0.920,0.000,0.125,-0.986,0.787,0.625,-0.192
Hope: Hanmer NW,96,172.700106,-42.549787,14.095,1.755,4.419,3.642,0.049,14.129,1.018,4.145,2.625,-0.112
Hanmer,97,172.849486,-42.526897,1.626,0.813,1.671,1.159,0.499,1.769,1.114,1.957,1.234,0.496
Hope: Hanmer SE,98,172.858137,-42.562364,12.686,1.579,3.319,3.267,0.004,12.962,3.952,2.830,1.945,-0.104
Hope: Hanmer SW,99,172.706203,-42.576745,0.786,0.739,1.492,1.539,-0.492,0.968,0.615,1.274,1.540,-0.424
Wairau 3,100,174.391365,-41.361499,1.368,1.588,2.092,1.873,-0.738,1.620,1.412,1.462,1.186,-0.593
Wairau 2,101,174.219734,-41.380689,3.758,0.354,1.368,0.781,0.112,3.377,-0.182,1.627,0.854,0.310
Wairau,102,173.600816,-41.569661,4.900,0.000,0.500,0.490,0.000,4.827,0.032,0.538,0.494,-0.159
Flaxmore - Waimea - Tahunanui,103,173.06318,-41.435144,0.000,-0.089,0.188,0.038,0.000,-0.010,-0.089,0.222,0.037,-0.305
Waimea Offshore,104,173.706797,-40.880558,0.000,-0.100,0.154,0.066,0.000,-0.007,-0.094,0.171,0.065,-0.052
Hope: Conway,105,173.394696,-42.394796,15.800,0.000,0.200,2.032,0.000,15.799,-0.134,0.191,1.997,-0.142
Clarence: Central,106,173.262357,-42.211532,3.000,0.000,1.000,0.530,0.000,3.005,0.002,1.049,0.499,-0.030
Awatere: Northeast 1,107,173.227873,-42.082524,5.638,-0.531,2.538,1.347,-0.129,4.850,-0.343,2.735,1.582,-0.142
Barefell,108,173.136749,-42.208331,0.470,-0.086,0.398,0.150,-0.427,0.468,-0.085,0.363,0.168,-0.456
Oaonui,109,173.816429,-39.372385,0.000,0.055,0.116,0.055,0.000,0.010,0.056,0.137,0.047,-0.101
Manahi 1,110,173.683576,-39.454127,0.000,0.015,0.024,0.008,0.000,0.000,0.015,0.025,0.010,-0.084
Cape Egmont: Central,111,173.609464,-39.519026,0.000,0.175,0.268,0.096,0.000,0.103,0.146,0.200,0.065,0.080
Cape Egmont: South,112,173.393087,-39.693287,0.000,0.215,0.330,0.114,0.000,-0.026,0.160,0.209,0.075,-0.279
Hawkswood,113,173.346666,-42.713333,0.000,-1.061,0.846,0.752,0.000,-0.085,-0.937,0.644,0.680,-0.195
Awatere: Northeast 1,114,173.773584,-41.785352,5.638,-0.531,2.538,1.347,-0.129,4.766,-0.280,2.302,1.329,-0.490
Fidget,115,173.552439,-42.154411,2.000,0.000,1.000,0.200,0.000,1.939,0.003,0.972,0.217,0.107
Clarence: Northeast,116,173.704716,-42.022651,4.059,-0.739,1.133,1.151,0.006,4.042,-0.487,0.977,1.082,0.373
Te Rapa 2,117,174.861924,-41.870136,1.415,-0.484,1.083,0.831,-0.207,1.014,-0.363,0.753,0.606,-0.233
Te Rapa 1,118,174.551651,-41.959945,1.879,-0.119,1.164,0.400,-0.163,1.853,-0.099,1.003,0.377,-0.370
Hope: Te Rapa,119,174.266784,-42.070884,2.819,-0.178,1.747,0.599,-0.163,2.436,-0.183,1.687,0.615,-0.383
Hope: Seaward,120,173.779273,-42.273981,3.759,-0.238,1.388,0.789,-0.076,3.705,-0.181,1.206,0.787,0.191
Jordan,121,173.71125,-42.224838,6.841,-15.010,8.957,5.384,0.611,9.413,-11.690,3.748,3.196,0.250
Kekerengu 1,122,173.950519,-42.003718,16.263,-8.132,6.963,8.755,0.308,15.618,-3.468,5.739,4.669,0.330
Turi: North,123,174.399686,-38.585609,0.000,0.200,0.308,0.106,0.000,0.139,0.177,0.160,0.093,0.169
Turi: Central,124,174.177129,-38.821367,0.000,0.200,0.308,0.106,0.000,-0.035,0.212,0.195,0.103,-0.132
Turi: South,125,174.038225,-38.935933,0.000,0.200,0.308,0.106,0.000,-0.126,0.148,0.103,0.091,-0.413
Marlborough Slope 10,126,174.329027,-42.534139,0.000,-0.198,0.158,0.184,0.000,-0.001,-0.196,0.136,0.213,-0.059
Hikurangi Wellington,127,176.466419,-41.771508,0.000,-25.000,10.472,5.000,0.000,1.643,-23.275,11.296,6.956,-0.202
Hikurangi Hawke Bay,128,178.631559,-40.255519,0.000,-44.000,18.430,7.000,0.000,-0.917,-30.191,4.310,1.949,-0.447
Hikurangi Raukumara,129,179.158777,-38.459571,0.000,-54.000,22.620,6.000,0.000,6.713,-43.390,5.200,3.937,0.351
Kermadec Trench,130,180.358194,-36.997177,0.000,-46.765,25.536,9.278,0.000,8.557,-44.080,18.631,5.781,-0.115
Awatere: Northeast 2,131,174.162958,-41.573927,1.500,0.000,1.000,0.192,0.000,1.421,0.006,0.879,0.208,-0.074
Vernon 2,132,174.108953,-41.560684,4.500,0.000,1.250,0.796,0.000,4.331,-0.033,1.064,0.935,0.258
Vernon 1,133,174.035834,-41.605833,1.539,-1.095,2.616,3.478,0.831,1.577,-0.537,2.435,3.058,0.823
BooBoo,134,174.54396,-41.707404,7.800,0.971,2.043,2.223,-0.021,7.663,2.204,1.894,1.645,-0.051
Needles,135,174.29152,-41.789682,15.035,-0.950,4.617,3.153,-0.050,12.912,-1.080,4.099,3.291,-0.150
London Hill,136,174.185331,-41.785192,0.000,-0.129,0.122,0.082,0.000,-0.002,-0.128,0.121,0.068,0.068
Chancet,137,174.40612,-41.903347,3.000,0.000,1.500,0.386,0.000,2.874,-0.001,1.470,0.316,0.221
Campbell Bank,138,174.66833,-41.75452,2.819,-0.434,1.241,0.784,-0.150,2.736,-0.361,0.988,0.731,0.000
Vernon 3,139,174.204416,-41.537438,0.855,0.803,1.477,1.549,-0.771,0.751,0.912,1.250,1.415,-0.720
Cloudy 3,140,174.386045,-41.477161,0.513,0.482,0.969,1.000,-0.505,0.386,0.562,0.690,0.665,-0.546
Cloudy 2,141,174.30286,-41.468674,0.513,0.482,0.969,1.000,-0.505,0.548,0.447,0.926,1.014,-0.615
Cloudy 1,142,174.230354,-41.507579,1.500,0.000,1.000,0.266,0.000,1.241,-0.008,1.001,0.265,0.116
Vernon 4,143,174.331674,-41.536928,1.539,1.446,2.645,2.777,-0.785,1.438,1.702,2.605,2.113,-0.794
Wairarapa: Needles,144,174.595176,-41.602191,11.000,0.000,2.000,1.944,0.000,10.740,-0.180,1.895,2.269,-0.315
Wairarapa: 1,145,174.990746,-41.358049,10.336,-1.287,3.050,2.668,-0.034,9.177,-0.695,2.571,2.571,-0.061
Northern Ohariu,146,175.323855,-40.67201,1.500,0.000,1.000,0.150,0.000,1.293,-0.003,1.067,0.137,-0.234
Ohariu,147,174.779474,-41.200397,1.500,0.000,0.500,0.150,0.000,1.451,0.005,0.440,0.186,-0.065
Ohariu South 2,148,174.575558,-41.402803,1.409,0.175,0.629,0.368,0.142,1.360,0.180,0.598,0.321,-0.036
Ohariu South 1,149,174.476577,-41.440251,1.060,0.448,0.642,0.613,0.048,0.820,0.447,0.483,0.516,0.130
Wellington Hutt Valley: 4,150,174.852446,-41.227473,6.484,0.611,2.543,1.544,0.099,5.948,0.594,2.460,1.471,0.010
Wellington Hutt Valley: 3,151,174.720497,-41.324434,5.500,0.000,2.100,0.550,0.000,4.234,-0.047,2.087,0.533,-0.233
Wellington Hutt Valley: 2,152,174.651813,-41.403747,5.169,-0.327,2.779,1.094,-0.136,3.688,0.074,2.728,1.141,-0.327
Wellington Hutt Valley: 1,153,174.583449,-41.445491,5.168,0.643,2.742,1.363,0.191,2.555,0.459,2.017,1.061,-0.125
Fisherman 1,154,174.666886,-41.01725,0.000,-0.259,1.418,0.122,0.000,-0.326,-0.260,0.933,0.103,0.201
Fisherman 2,155,174.788194,-40.854644,0.000,-0.259,1.418,0.122,0.000,-0.274,-0.246,0.687,0.108,-0.102
Fisherman 3,156,174.986808,-40.615466,0.000,-0.091,0.496,0.091,0.000,-0.075,-0.082,0.358,0.113,0.064
Otaheke North,157,175.089235,-40.621346,0.000,-0.423,0.896,0.130,0.000,-0.128,-0.408,0.669,0.098,-0.163
Otaheke South,158,174.85671,-40.9365,0.283,-0.073,0.285,0.164,-0.322,0.264,-0.085,0.254,0.178,-0.288
Shepherds Gully - Mana,159,174.661298,-41.228699,0.000,-0.052,0.284,0.034,0.000,-0.029,-0.051,0.230,0.027,-0.049
BooBoo,160,174.96737,-41.673156,7.800,0.971,2.043,2.223,-0.021,7.988,1.910,2.389,3.022,0.171
Wharekauhau,161,174.97552,-41.457174,0.000,-1.768,1.408,0.926,0.000,-0.535,-1.679,1.177,0.772,-0.331
Opouawe - Uruti,162,175.206166,-41.780111,0.000,-1.149,0.788,0.894,0.000,0.005,-1.067,0.821,0.847,-0.059
Wellington Hutt Valley: 5,163,175.135107,-41.095575,5.920,0.911,2.420,1.640,0.126,4.635,0.667,1.873,1.285,0.191
Wellington: Tararua 1,164,175.228632,-41.06987,4.314,1.823,2.267,2.428,-0.071,3.824,1.337,2.233,1.933,0.081
Wellington: Tararua 2,165,175.353221,-40.969715,6.100,0.000,1.500,1.078,0.000,6.055,-0.101,1.152,0.880,0.141
Wellington: Tararua 3,166,175.490777,-40.781202,4.313,-2.156,2.265,2.413,0.084,3.606,-1.937,1.600,2.030,-0.047
Wellington: Pahiatua,167,175.661237,-40.528372,5.169,-0.327,1.229,1.083,-0.016,4.693,-0.602,0.958,1.107,-0.156
Dry River - Huangarua: 1,168,175.310844,-41.382264,0.000,-0.296,0.628,0.260,0.000,-0.056,-0.295,0.668,0.262,-0.163
Wairarapa: 2,169,175.288948,-41.134194,11.370,-1.415,4.057,2.949,-0.082,8.102,-1.333,2.818,1.792,-0.120
Palliser - Kaiwhata,170,175.707217,-41.470629,3.536,-2.709,2.180,2.046,-0.236,4.070,-2.435,1.964,2.154,-0.139
BooBoo,171,175.398278,-41.677517,7.800,0.971,2.043,2.223,-0.021,7.952,1.059,2.302,2.513,-0.141
Wahianoa,172,175.65854,-39.325924,0.000,0.575,0.884,0.222,0.000,0.091,0.583,0.828,0.228,-0.116
Ohakune,173,175.380611,-39.383861,0.000,0.590,0.906,0.296,0.000,0.055,0.561,0.773,0.277,-0.096
Carterton,174,175.703468,-40.989834,2.255,0.212,0.969,0.537,0.119,1.993,0.015,0.949,0.453,0.064
Wairarapa: 3,175,175.45499,-41.009389,5.638,-0.702,2.046,1.463,-0.086,5.350,-0.978,1.946,1.347,-0.038
Dry River - Huangarua: 2,176,175.495154,-41.246727,0.000,-0.296,0.628,0.260,0.000,-0.018,-0.013,0.018,0.037,-0.641
Mokonui Northeast,177,175.887701,-40.818901,0.469,0.058,0.288,0.124,0.238,0.485,0.065,0.294,0.111,-0.047
Mokonui Southwest,178,175.629,-40.897715,0.500,0.000,0.250,0.050,0.000,0.496,0.000,0.233,0.054,-0.239
Wairarapa: 3,179,175.611979,-40.866325,5.638,-0.702,2.046,1.463,-0.086,5.082,-0.832,1.796,1.485,0.025
Opouawe - Uruti,180,176.127478,-41.540969,0.000,-1.149,0.788,0.894,0.000,0.020,-1.091,0.755,1.001,0.017
Shawcroft Road,181,175.670697,-39.425079,0.000,0.350,0.538,0.158,0.000,0.002,0.354,0.468,0.142,0.077
Rangipo North,182,175.736112,-39.307421,0.000,0.100,0.154,0.100,0.000,-0.006,0.103,0.168,0.116,0.189
Waihi West,183,175.655427,-39.032196,0.000,1.450,2.228,0.644,0.000,-0.243,1.461,0.612,0.465,-0.241
Waihi South,184,175.618394,-39.11376,0.000,1.350,2.074,0.730,0.000,-0.184,1.408,0.606,0.445,-0.250
Dreyers Rock,185,175.750806,-40.756386,4.699,0.585,1.472,1.214,0.049,4.586,0.553,1.378,1.220,-0.462
Alfredton South,186,175.849631,-40.693188,3.289,-0.409,1.310,0.855,-0.111,3.170,-0.502,1.258,0.933,-0.097
Pa Valley,187,175.841896,-40.645818,1.409,-0.089,0.639,0.298,-0.106,1.381,-0.113,0.553,0.278,-0.143
Poutu,188,175.756585,-39.075856,0.000,1.150,1.766,0.448,0.000,0.261,0.834,0.902,0.275,0.279
Upper Waikato Stream,189,175.76426,-39.24795,0.000,0.315,0.484,0.148,0.000,0.156,0.316,0.468,0.131,-0.306
Treetrunk,190,175.82344,-39.137738,0.000,0.500,0.768,0.250,0.000,0.109,0.382,0.386,0.167,-0.102
Mohaka: North,191,176.55624,-39.334918,2.000,0.000,0.500,0.200,0.000,1.968,0.003,0.419,0.213,0.019
Mohaka: South,192,176.132425,-39.974759,3.759,-0.238,1.388,0.789,-0.076,3.789,-0.241,1.473,0.780,-0.089
Waiohau: North,193,176.820659,-38.222842,0.239,0.278,0.369,0.332,-0.702,0.245,0.273,0.483,0.425,-0.866
Waiohau: South,194,176.772348,-38.812248,0.658,0.082,0.261,0.162,0.125,0.648,0.107,0.265,0.162,0.348
Ruahine: North,195,176.439436,-39.347757,1.034,-0.065,0.499,0.218,-0.118,1.026,-0.060,0.479,0.199,0.023
Ruahine: Central,196,176.22478,-39.776569,1.034,-0.065,0.499,0.218,-0.118,1.044,-0.063,0.528,0.226,0.041
Ruahine: South,197,175.999384,-40.073731,1.034,-0.065,0.499,0.218,-0.118,1.080,-0.069,0.547,0.280,-0.207
Waipukaka,198,176.232995,-40.461655,0.469,-0.058,0.288,0.124,-0.238,0.462,-0.058,0.245,0.118,-0.055
Saunders Road,199,175.972733,-40.61819,0.940,-0.117,0.576,0.251,-0.236,0.928,-0.106,0.648,0.218,-0.355
Alfredton North,200,175.892831,-40.63401,2.349,-0.292,1.203,0.618,-0.181,2.408,-0.379,1.077,0.681,-0.372
Riversdale,201,176.120111,-41.213837,0.000,-3.064,2.102,1.110,0.000,0.073,-2.970,2.158,1.171,-0.002
Riversdale North,202,176.229034,-41.022785,0.000,-3.064,2.102,1.110,0.000,-0.782,-2.387,2.371,1.126,-0.184
Mataikona,203,176.459517,-40.648425,0.000,-3.064,2.102,1.110,0.000,0.852,-3.079,1.342,1.113,0.103
Oruawharo - Mangatoro,204,176.346826,-40.127032,1.880,-0.177,1.164,0.510,-0.175,1.613,-0.241,0.964,0.463,-0.226
Waewaepa,205,176.154723,-40.361028,2.819,-0.351,0.789,0.727,-0.021,2.873,-0.412,0.797,0.729,-0.052
Makuri - Waewaepa,206,176.02149,-40.485111,3.289,-0.409,1.310,0.855,-0.111,3.363,-0.334,1.378,0.672,-0.069
Uruti Basin,207,176.471254,-41.279269,4.000,0.000,1.500,0.400,0.000,3.689,0.016,1.660,0.428,-0.125
Whareama Bank,208,176.404048,-41.116964,1.061,-0.812,0.909,0.781,-0.562,0.932,-0.649,0.856,0.812,-0.526
Awanui,209,176.8867,-39.550723,0.000,-0.766,0.526,0.468,0.000,-0.035,-0.765,0.535,0.396,0.262
Waipukurau - Poukawa,210,176.567208,-39.969498,0.684,-0.939,1.327,1.165,0.404,0.807,-0.045,1.096,0.789,0.206
Uruti Basin,211,176.716459,-41.277292,4.000,0.000,1.500,0.400,0.000,4.057,-0.031,1.559,0.358,-0.239
Uruti Ridge 2,212,176.822354,-41.226716,0.684,-1.440,1.009,1.035,-0.030,0.863,-1.224,0.779,1.022,-0.198
Edgecumbe 1987,213,176.787257,-38.023143,0.000,1.671,1.594,1.124,0.000,-0.010,1.680,1.494,1.088,0.165
Waimana - Waikaremoana,214,177.170911,-37.823397,1.626,0.556,1.006,0.923,0.066,1.547,0.403,0.990,0.933,0.311
Waiotahi: North,215,177.188268,-38.33001,1.034,0.065,0.405,0.217,0.085,1.075,0.096,0.359,0.221,0.052
Waiotahi: South,216,176.990653,-38.803025,1.879,0.119,1.164,0.400,0.163,1.436,0.103,1.023,0.389,0.291
Whakatane: North,217,177.011687,-38.07975,0.752,0.874,1.193,1.094,-0.578,1.527,0.092,1.283,0.975,-0.527
Whakatane: South,218,176.874617,-38.729942,2.067,0.131,1.092,0.437,0.133,1.827,0.071,1.048,0.352,0.041
Kairakau South,219,176.946246,-40.127675,0.000,-2.298,1.576,1.024,0.000,0.020,-1.415,1.013,0.652,-0.055
Kairakau North,220,177.094174,-39.952112,0.000,-1.532,1.050,0.938,0.000,0.085,-1.056,0.949,0.856,0.325
Madden Banks,221,177.158294,-40.503815,0.000,-1.915,1.314,0.980,0.000,0.191,-1.591,1.207,0.985,0.246
Motu o Kura East,222,177.646827,-39.996301,0.000,-1.532,1.050,0.938,0.000,0.341,-0.666,0.925,1.042,0.098
Edgecumbe North,223,176.928468,-37.950975,0.000,0.211,0.448,0.176,0.000,-0.011,0.206,0.442,0.133,-0.044
Edgecumbe Coastal,224,176.925464,-37.927776,0.000,2.057,1.962,0.758,0.000,-0.141,2.000,1.379,0.701,-0.029
White Island 1,225,176.976663,-37.889184,0.855,1.510,1.322,1.039,-0.405,0.779,1.587,1.197,1.188,-0.347
Keepa,226,176.992679,-37.910026,0.513,0.596,0.985,0.879,-0.760,0.492,0.626,1.100,1.013,-0.818
PorWest2 - PaoanuiRSouth,227,177.603936,-40.440392,0.000,-0.766,0.526,0.468,0.000,0.045,-0.656,0.514,0.532,0.125
Paoanui Ridge North,228,178.151636,-39.986409,0.000,-0.766,0.526,0.468,0.000,-0.053,-0.757,0.478,0.413,0.154
Kidnappers Ridge,229,177.430944,-39.553719,0.000,-1.149,0.788,0.512,0.000,0.139,-1.055,0.712,0.564,-0.131
White Island 2,230,177.178748,-37.72815,0.684,1.208,1.075,0.900,-0.298,0.448,1.386,1.198,0.807,-0.377
White Island 1,231,177.082969,-37.799477,0.855,1.510,1.322,1.039,-0.405,0.782,1.465,1.342,1.099,-0.557
White Island 2,232,177.226534,-37.701307,0.684,1.208,1.075,0.900,-0.298,0.585,1.348,1.017,0.929,-0.447
Kotare - Moutuhora,233,177.419576,-38.093985,0.470,0.030,0.150,0.098,0.055,0.274,0.021,0.083,0.059,0.231
Lachlan 1 & 2,234,177.803143,-39.516375,1.768,-1.354,1.089,1.022,-0.236,1.487,-0.755,0.919,0.892,-0.275
Lachlan 3,235,177.998951,-39.218669,3.182,-2.437,2.085,1.918,-0.308,1.787,-1.495,1.812,1.512,-0.148
Ariel Bank,236,178.375565,-38.757966,0.000,-4.673,3.206,2.210,0.000,-0.866,-3.445,2.494,1.741,-0.171
Gable End North,237,178.422199,-38.490487,0.000,-4.596,3.152,2.048,0.000,-0.346,-4.296,2.836,2.009,-0.194
Ritchie Ridge,238,178.504928,-39.435008,0.000,-1.149,0.788,0.894,0.000,-0.038,-0.648,0.485,0.494,-0.006
Paritu Ridge,239,178.726403,-39.017075,0.000,-1.532,1.050,0.938,0.000,0.075,-1.383,0.980,0.944,0.215
Houtunui,240,178.727677,-37.997169,0.000,-2.298,1.576,1.790,0.000,0.084,-1.752,1.898,1.347,-0.042
Ruatoria South 1,241,178.946559,-38.383047,0.000,-1.149,0.788,0.894,0.000,0.050,-0.999,0.813,0.962,0.004
